[
    {
        "url":"#",
        "img":"pd4.jpg",
        "titulo":"Nikkon",
        "desc":"Have you ever finally just gave in to the temptation and read your horoscope in the newspaper on Sunday morning? Sure, we all have for most of us,"
    },
    {
        "url":"#",
        "img":"pd5.png",
        "titulo":"Watch 2018",
        "desc":"Have you ever finally just gave in to the temptation and read your horoscope in the newspaper on Sunday morning? Sure, we all have for most of us,"
    },
    {
        "url":"#",
        "img":"pd6.png",
        "titulo":"Iphone",
        "desc":"Have you ever finally just gave in to the temptation and read your horoscope in the newspaper on Sunday morning? Sure, we all have for most of us,"
    }
  ]